Top queries,Clicks,Impressions,CTR,Position
iul leads,11,311,3.54%,15.69
aged iul leads,4,84,4.76%,8.2
buy life insurance leads,2,514,0.39%,43.64
best iul leads,2,42,4.76%,11.67
home improvement leads for sale,1,3358,0.03%,8.14
life insurance leads for sale,1,676,0.15%,43.23
aged life insurance leads,1,335,0.3%,18.08
life insurance leads,1,331,0.3%,61.82
buy insurance leads,1,93,1.08%,50.48
iul leads for sale,1,67,1.49%,12.67
dscr leads,1,8,12.5%,14.75
crm system,0,823,0%,70.59
lead management,0,615,0%,86.34
b2c crm,0,560,0%,60.96
crm lead management,0,558,0%,70.78
purchase life insurance leads,0,548,0%,35.62
crm lead status,0,544,0%,30.58
buying leads for life insurance,0,521,0%,35.04
term life insurance leads,0,488,0%,49.48
buy leads for life insurance,0,462,0%,44.74
buying life insurance leads,0,456,0%,37.47
hubspot lead management features review,0,407,0%,5.6
b2c sales funnel,0,386,0%,19.96
life leads,0,378,0%,65.16
what is a crm system,0,360,0%,77.46
operational crm,0,344,0%,58.99
buy life insurance lead,0,326,0%,45.73
health insurance leads,0,324,0%,51.23
what does a crm mean,0,316,0%,96.34
lead management crm,0,306,0%,71.94
leads for life insurance,0,301,0%,61.4
what does crm stand for,0,282,0%,88.68
buy home improvement leads,0,275,0%,24.94
lead lifecycle management,0,263,0%,28.48
cheap life insurance leads,0,262,0%,27.48
exclusive life insurance leads,0,249,0%,55.14
life insurance sales leads,0,248,0%,60.04
term insurance leads,0,244,0%,43.5
purchase insurance leads,0,242,0%,52.36
lead lifecycle,0,238,0%,33.5
crm and lead management,0,238,0%,58.25
life insurance leads cost,0,226,0%,20.82
quality life insurance leads,0,226,0%,34.58
life insurance mailer leads,0,226,0%,38.02
exclusive life insurance leads price,0,219,0%,21.7
whole life insurance leads,0,219,0%,29.25
cheap life leads,0,217,0%,26.75
crm system components,0,206,0%,34.68
collaborative crm,0,202,0%,37.38
buy fresh leads,0,198,0%,18.95
qualified life insurance leads,0,188,0%,57.18
buy health insurance leads,0,185,0%,34.89
leads for health insurance,0,181,0%,54.63
analytical crm,0,180,0%,43.92
how to get life insurance leads,0,177,0%,63.89
crm for b2c,0,174,0%,63.09
modern sales funnel,0,165,0%,22.19
b2b vs b2c crm,0,165,0%,23.07
difference between b2b and b2c crm,0,163,0%,29.82
crm b2b vs b2c,0,161,0%,23.99
exclusive life insurance leads for agents,0,160,0%,54.12
components of crm system,0,158,0%,42.25
lead stages,0,150,0%,78.39
life insurance leads for agents,0,148,0%,62.53
sales methodology vs sales process,0,147,0%,27.17
crm leads,0,142,0%,66.08
b2b crm vs b2c crm,0,135,0%,23.72
affordable life insurance leads,0,129,0%,29.74
cheap insurance leads,0,128,0%,29.3
buy life insurance leads online,0,122,0%,38.52
crm system b2c,0,121,0%,50.47
how to manage leads,0,121,0%,84.05
low cost life insurance leads,0,116,0%,29.15
b2c crm system,0,116,0%,63.47
crm b2b b2c,0,114,0%,41.82
life and insurance leads,0,112,0%,64.58
lead management system vs crm,0,111,0%,17.86
crm b2c,0,110,0%,62.93
lead management in crm,0,110,0%,76.55
crms,0,109,0%,67.27
leads life,0,109,0%,71.57
crm lead,0,109,0%,78.65
lead lifecycle tracking,0,107,0%,21.77
exclusive term life insurance leads,0,106,0%,37.24
workers comp leads,0,102,0%,13.29
what are crm systems,0,100,0%,73.63
leads life insurance,0,99,0%,70.07
lead management vs crm,0,96,0%,24.03
b2c in crm,0,96,0%,59.69
what's a crm system,0,96,0%,72.25
sales process vs sales methodology,0,95,0%,26.02
b2b lead management,0,95,0%,65.2
what is b2c crm,0,94,0%,57.17
workers compensation leads,0,92,0%,17.57
lead statuses,0,92,0%,47.2
insurance leads life,0,92,0%,62.58
what is lead management,0,92,0%,71.86
lead management process,0,91,0%,87.29
b2c crm model,0,90,0%,47.13
crm for b2c business,0,90,0%,59.02
b2c sales process,0,87,0%,26.18
lifecycle stage,0,87,0%,36.79
life insurance internet leads,0,86,0%,49.86
crm models,0,86,0%,63.48
b2c crm software,0,86,0%,78.85
whole life insurance lead,0,85,0%,49.73
home improvements leads,0,83,0%,28.66
lead generation life cycle,0,83,0%,47.53
b2c crm implementation,0,83,0%,63.33
health insurance leads for sale,0,82,0%,37.01
differentiate crm in b2b and crm in b2c market,0,81,0%,18.54
crm lead management definition,0,81,0%,50.93
define a sales process,0,81,0%,55.23
good life insurance leads,0,81,0%,58.43
crm system meaning,0,81,0%,80.63
leads process,0,81,0%,84.44
crm system consists of how many components,0,80,0%,15.64
over 50s life insurance leads,0,80,0%,41.51
what is lead management in crm,0,80,0%,78.21
b2c lead management,0,79,0%,31.59
b2c sales crm,0,79,0%,64.77
crm leads management,0,78,0%,72.79
b2c crm definition,0,78,0%,73.6
pre qualified life insurance leads,0,76,0%,58.49
difference between crm in b2b and b2c,0,74,0%,31.01
crm collaborative,0,74,0%,34.91
group life insurance leads,0,74,0%,56.96
what is crm system,0,74,0%,72.18
buying health insurance leads,0,73,0%,16.55
aged insurance leads,0,73,0%,24.73
high quality life insurance leads,0,73,0%,38.14
best life insurance leads to buy,0,73,0%,38.41
crm components,0,72,0%,49.01
difference between b2c and b2b crm,0,71,0%,21.55
crm in b2b and b2c,0,71,0%,49.65
lifecycle status,0,70,0%,51.89
crm software b2c,0,70,0%,71.56
crm system what is it,0,70,0%,87.63
better leads guide,0,68,0%,41.59
best crm for lead management,0,68,0%,76.13
how much do solar leads cost,0,67,0%,17.06
b2c crm solutions,0,67,0%,74.96
lead management and crm,0,66,0%,62.5
what does crm system stand for,0,66,0%,90.76
difference between lead management and crm,0,65,0%,15.34
request for quote leads,0,64,0%,12.72
difference between b2b b2c crm,0,64,0%,23.61
does b2b crm works just like b2c crm,0,64,0%,27.69
how is b2c different than crm,0,64,0%,31.72
b2c crm vs marketing automation,0,64,0%,57.64
lead generation software vs crm,0,63,0%,33
hubspot lead management capabilities review,0,62,0%,2.82
life insurance aged leads,0,62,0%,9.63
home improvement leads,0,62,0%,63.97
sales leads for life insurance,0,62,0%,72.45
how do crm systems work,0,61,0%,74.44
buy aged life leads,0,60,0%,6.03
crm vs lead management,0,60,0%,17.78
lead status,0,60,0%,52.93
operational crm definition,0,60,0%,73.6
what is leads in crm,0,58,0%,81.45
lead manager crm,0,57,0%,50.3
best life insurance leads,0,57,0%,69.35
crm what does it mean,0,57,0%,87.61
"""lead lifecycle management",0,56,0%,4.91
b2b and b2c crm,0,56,0%,42.41
is crm b2b or b2c,0,56,0%,45.54
aged health insurance leads,0,55,0%,31.49
exclusive whole life insurance leads,0,55,0%,32.85
insurance leads cost,0,54,0%,30
internet lead management,0,54,0%,32.87
sales process,0,54,0%,77.04
lead stage analytics,0,53,0%,48.13
what is a crm systems,0,53,0%,81.64
crm systém,0,53,0%,84.57
health insurance lead,0,52,0%,54.83
can crm be used for b2c,0,52,0%,63.71
whats a crm system,0,52,0%,77.5
what do you mean by crm,0,52,0%,80.4
what is an crm system,0,52,0%,84.81
does buying life insurance leads work,0,51,0%,35.8
health insurance leads for agents,0,51,0%,50.96
what is lead in crm,0,51,0%,80.92
crm b2c b2b,0,50,0%,48.92
how to buy insurance leads,0,50,0%,53.02
crm in b2b and b2c markets,0,50,0%,55.46
crm b2b et b2c,0,49,0%,42.55
best exclusive life insurance leads,0,49,0%,47.18
buy insurance leads online,0,49,0%,49.71
crm in b2c,0,49,0%,61.37
crm b2c environment,0,49,0%,61.59
life insurance web leads,0,49,0%,63.92
crm-system,0,49,0%,66.67
what do crm systems do,0,49,0%,86.53
exclusive aged life leads,0,48,0%,7.21
purchasing life insurance leads,0,48,0%,28.96
what is collaborative crm,0,48,0%,38.92
lead lifecycle stages,0,48,0%,49.44
insurance lead life,0,48,0%,54.08
crm lead-management,0,48,0%,68.44
cheap aged life leads,0,47,0%,6.91
what is crm systems,0,47,0%,72.23
customer relationship management systems crm,0,47,0%,93.15
home improvement lead costs,0,46,0%,5.78
direct mail life insurance leads,0,46,0%,62.96
lead cycle,0,46,0%,80.93
what is the crm system,0,46,0%,90
how much are life insurance leads,0,45,0%,17.11
best place to buy life insurance leads,0,45,0%,58.13
match the types of crm analytics with the correct description,0,45,0%,71.29
crm system.,0,45,0%,72.89
indexed universal life leads,0,44,0%,13.05
lead tracking best practices,0,43,0%,70.28
crm systems what is it,0,43,0%,80.53
definition of a crm system,0,42,0%,74.4
how to use crm system,0,42,0%,89.19
how much does it cost to buy home improvement leads,0,41,0%,3.9
hubspot crm lead management,0,41,0%,34.8
hubspot sales lead tracker template features review,0,40,0%,9.7
buy health leads,0,40,0%,15.07
term life leads,0,40,0%,35
life insurance lead vendors,0,40,0%,35.65
"""crm lead management",0,40,0%,64.15
crm systems explained,0,40,0%,65.9
crm in b2c markets,0,40,0%,69.22
where to buy home improvement leads,0,39,0%,18.72
sales process meaning,0,39,0%,25.31
get life insurance leads,0,39,0%,43.13
explain the importance of crm in b2b and b2c markets,0,39,0%,78.03
premium life insurance leads,0,38,0%,33.34
analytical crm systems,0,38,0%,55.5
crm for b2c sales,0,38,0%,57.21
how to get home improvement leads,0,38,0%,63.71
crm stage,0,38,0%,69.71
customer lead management,0,38,0%,79.26
best way to buy aged insurance leads,0,37,0%,4.51
how to choose b2b or b2c leads,0,37,0%,14.38
lead management b2b,0,37,0%,40.54
life insurance sale leads,0,37,0%,58.27
best way to get life insurance leads,0,37,0%,59.35
crm functions for b2c,0,37,0%,75
best crm for b2c sales,0,37,0%,90.35
easiest content conversions for b2c,0,36,0%,46.53
components of a crm,0,36,0%,47.03
what is a crm system?,0,36,0%,79.61
analytical crm vs operational crm,0,35,0%,21.57
crm evolution,0,35,0%,37.77
life insurance lead,0,35,0%,50.51
life and health insurance leads,0,35,0%,54.54
how mva lead generation works,0,34,0%,27.18
operational and analytical crm,0,34,0%,27.91
lead crm definition,0,34,0%,42.53
leads with converted lead information,0,34,0%,66.38
managing leads,0,34,0%,85.62
ul insurance leads,0,33,0%,8.27
insurance text message script,0,33,0%,9.06
workers comp insurance leads,0,33,0%,13.73
mortgage leads cheap,0,33,0%,18.12
mortgage sales scripts that work,0,33,0%,21.21
when can i purchase leads,0,33,0%,26.09
collaborative crm systems,0,33,0%,37.52
in a crm system,0,33,0%,75.64
importance of crm in b2b and b2c markets,0,33,0%,81.73
lifecycle stages,0,33,0%,82
what is crm stand for,0,33,0%,87.06
bulk insurance leads,0,32,0%,14.38
contractor leads home improvement,0,32,0%,20.94
operational crm systems,0,32,0%,53.38
lead stages in crm,0,32,0%,54.06
crm component,0,31,0%,29.48
b2c vs b2b crm differences evaluation,0,30,0%,6.37
health insurance leads that convert,0,30,0%,11.97
lifecycle stage vs lead status,0,30,0%,15.13
purchase health insurance leads,0,30,0%,27.13
how to qualify mortgage refinance leads,0,30,0%,37.03
collaborative crm meaning,0,30,0%,55.83
crm for lead management,0,30,0%,59.27
b2c crm platform,0,30,0%,70.37
lead in crm,0,30,0%,81.97
lead status list,0,30,0%,82.67
what is a crm program,0,30,0%,87.77
how to manage leads effectively,0,30,0%,88.43
how to manage sales leads,0,30,0%,90.4
exclusive life leads,0,29,0%,34.38
lead staging,0,29,0%,37.17
what is crm lead management,0,29,0%,75.34
buy aged life insurance leads,0,28,0%,15.39
lead life cycle,0,28,0%,23.04
lead vendors for life insurance,0,28,0%,45.18
manage leads,0,28,0%,80.25
low cost aged life leads,0,27,0%,7.41
mass tort signed retainers,0,27,0%,11.15
mortgage refinance lead conversion tips,0,27,0%,19.48
life insurance leads exclusive,0,27,0%,42.07
life insurance exclusive leads,0,27,0%,46.52
loan officer script,0,27,0%,50.11
leads management,0,27,0%,84.93
internet life insurance leads,0,26,0%,50.54
crm system overview,0,26,0%,59.38
b2c sales funnel stages awareness intent purchase,0,25,0%,4.44
difference between b2b and b2c leads,0,25,0%,14.08
life insurance sms messages examples,0,25,0%,14.92
différence entre lead management et crm,0,25,0%,16.72
how to buy life insurance leads,0,25,0%,28.76
sales lead lifecycle,0,25,0%,30.84
goat leads life insurance,0,25,0%,31.92
aged final expense leads,0,25,0%,32.28
how much do life insurance leads cost,0,25,0%,33.08
collaborative crm example,0,25,0%,52.32
define operational crm,0,25,0%,58.24
where to buy insurance leads,0,25,0%,58.32
"""crm system",0,25,0%,70.2
lead generation and management,0,25,0%,93.24
how many components of crm are there? 4 5 10 7,0,24,0%,8.75
affordable aged life leads,0,24,0%,10.71
unterschiede crm b2b b2c,0,24,0%,14.79
mortgage lead conversion scripts,0,24,0%,20.08
sales processes meaning,0,24,0%,29.88
lead status crm,0,24,0%,32.21
buy aged solar leads,0,24,0%,42.75
operational crm system,0,24,0%,58.08
crm+system,0,24,0%,59.96
what are crm systems used for,0,24,0%,83.46
working leads,0,23,0%,9.57
insurance sales text message templates,0,23,0%,14.48
mva retainers,0,23,0%,23.91
buy b2c leads,0,23,0%,45.87
b2c crm strategies,0,23,0%,53.65
what is a sales process,0,23,0%,71.96
crm,0,22,0%,1
lead management vs contact management,0,22,0%,32.91
buy healthcare leads,0,22,0%,35.09
meaning of crm system,0,22,0%,81.64
wrokers comp leads,0,21,0%,11.62
difference between operational and analytical crm,0,21,0%,20.95
family law leads,0,21,0%,23.43
which of the following defines the sales process,0,21,0%,41
sales process definition,0,21,0%,43.14
what is operational crm,0,21,0%,54.29
life insurance leads wanted,0,21,0%,59.1
operational crm meaning,0,21,0%,71.48
what is a b2c crm,0,21,0%,71.57
operational crm example,0,21,0%,79.95
insurance lead life term,0,20,0%,32.8
collaborative crm system,0,20,0%,37.25
looking for life insurance leads,0,20,0%,47.3
insurance life leads,0,20,0%,68
what is crm systems?,0,20,0%,69.4
what is crm system?,0,20,0%,70.5
mva leads for attorneys,0,20,0%,78.3
rolodex meaning in sales,0,19,0%,2.63
mortgage lead scripts,0,19,0%,17.21
how to get home improvement leads kennewick wa,0,19,0%,23.58
lead status in crm,0,19,0%,31.42
where to buy life insurance leads,0,19,0%,38.47
real time life insurance leads,0,19,0%,51.47
who should buy iul insurance,0,19,0%,67.89
crm leads meaning,0,19,0%,77.89
examples of operational crm,0,19,0%,79
what is the full form of crm,0,19,0%,87.47
what is a crm and what does it do?,0,19,0%,93.63
lead status vs lifecycle stage,0,18,0%,9.72
aged life leads same day delivery,0,18,0%,9.78
verified aged life insurance leads,0,18,0%,11.39
workmans comp leads,0,18,0%,14
how to generate workers compensation leads,0,18,0%,15.5
solar leads pricing,0,18,0%,17.39
operational crm vs analytical crm,0,18,0%,20.67
types of operational crm,0,18,0%,25.33
home improvement job leads,0,18,0%,36
sales lead status,0,18,0%,40.56
insurance leads for sale,0,18,0%,51.44
real-time life insurance leads,0,18,0%,52.89
crm system what is,0,18,0%,66.89
what is a crm system example,0,18,0%,83.33
best aged life insurance leads,0,17,0%,14.59
how to get home improvement leads chicago il,0,17,0%,22.82
operational crm and analytical crm,0,17,0%,27.76
how do you use lifecycle stages when talking about leads,0,17,0%,38.12
crms report,0,17,0%,44.47
crm lead stages,0,17,0%,54.94
leads management crm,0,17,0%,63.71
life insurance lead generation,0,17,0%,65.35
best life insurance leads for agents,0,17,0%,70.65
ibm crm operational analytical collaborative definition,0,16,0%,11.38
home leads to buy,0,16,0%,13.81
sms templates for health insurance,0,16,0%,16
stage vs status,0,16,0%,20.19
how much do insurance leads cost,0,16,0%,35.31
debt lead generation,0,16,0%,54.5
crm lead manager,0,16,0%,59.38
what is sales process,0,16,0%,74.12
life insurance agent leads,0,16,0%,77.62
crm systems meaning,0,16,0%,79.88
what does crm stand for?,0,16,0%,89.5
workcomp leads,0,15,0%,11.87
workers comp claim leads,0,15,0%,12.4
how to get home improvement leads lake bluff il,0,15,0%,14.13
jf acquisition home improvement leads,0,15,0%,15.67
how to find workers comp leads,0,15,0%,17.67
lead conversion scripts,0,15,0%,21.33
bankruptcy leads,0,15,0%,27.73
stage status,0,15,0%,28.2
sales process defined,0,15,0%,43.13
lead management definition,0,15,0%,43.8
mortgage sales scripts,0,15,0%,48.4
leads for life insurance agents,0,15,0%,51.47
evolution of crm,0,15,0%,53.6
crm+lead+management,0,15,0%,59.87
analytical crm definition,0,15,0%,82.73
hubspot crm free plan unlimited contacts real-time pipeline reports,0,14,0%,9.14
iul insurance leads,0,14,0%,11.07
exclusive workers compensation leads,0,14,0%,14.71
qualified mva leads,0,14,0%,14.93
workers comp company leads,0,14,0%,15.93
workers compensation leads for attorneys,0,14,0%,16.57
getting workers compensation leads,0,14,0%,17.14
home improvement lead,0,14,0%,28.57
status stages,0,14,0%,29.86
medicare lead generation script,0,14,0%,30.71
how to buy leads for life insurance,0,14,0%,34.07
do i need a crm for lead management?,0,14,0%,37.57
buy leads for insurance,0,14,0%,48.14
how to get home improvement leads wilmette il,0,14,0%,61.79
operational crm examples,0,14,0%,68.07
what is crms,0,14,0%,72.43
home insurance leads,0,14,0%,75.29
best life insurance lead vendors,0,14,0%,77.43
homeowners insurance leads,0,14,0%,79.43
what does crm system mean,0,14,0%,80
b2c vs b2b crm differences evaluation criteria,0,13,0%,1.54
hubspot free plan features notifications leads,0,13,0%,7.31
"contextual notes about lead system-level vs site-level special 
responsibilities",0,13,0%,8.62
hubspot free crm lead management features,0,13,0%,8.69
ssdi lawyer leads,0,13,0%,13.62
leads for workers compensation representation,0,13,0%,13.69
how to get home improvement leads hillsboro or,0,13,0%,16.77
b2b crm vs b2c crm differences,0,13,0%,18.46
insurance leads pricing,0,13,0%,19.38
how to get home improvement leads st. petersburg fl,0,13,0%,23.31
difference between operational crm and analytical crm,0,13,0%,24
aged leads,0,13,0%,28.46
operational vs analytical crm,0,13,0%,29.46
the primary difference between operational crm and analytical crm,0,13,0%,36.69
b2c marketing funnel,0,13,0%,39.54
evolution crm,0,13,0%,39.54
sales lead statuses,0,13,0%,44.23
insurance sales leads,0,13,0%,47.69
sales framework process,0,13,0%,52
want to buy solar leads,0,13,0%,54.15
what is a crm number,0,13,0%,55.38
how does a bank statement loan work,0,13,0%,62.77
selling life insurance leads,0,13,0%,65.54
collaborative crm definition,0,13,0%,68.31
operations crm,0,13,0%,72.69
define analytical crm,0,13,0%,73.77
sales processes,0,13,0%,78.31
crm software solutions for b2b and b2c,0,13,0%,82.15
what is a lead in crm,0,13,0%,93.08
"""life insurance"" ""sales cycle"" length or duration",0,12,0%,3.67
hubspot crm free features lead tracking 2026,0,12,0%,6.25
how to get home improvement leads western springs il,0,12,0%,7.75
how to get home improvement leads sugar hill ga,0,12,0%,9.5
work comp lead services,0,12,0%,12.58
off network workers comp leads,0,12,0%,13
hubspot lead tracking multi-channel cross-channel tracking,0,12,0%,15.58
debt leads wanted,0,12,0%,21.67
how to get home improvement leads fishers in,0,12,0%,22.75
lead status stages,0,12,0%,23.25
internet life leads,0,12,0%,23.83
types of analytical crm,0,12,0%,27.75
aged leads for life insurance agents,0,12,0%,28.42
component of crm,0,12,0%,36.92
leads status,0,12,0%,37.58
health insurance lead system,0,12,0%,45.17
warm life insurance leads,0,12,0%,56.25
online lead management,0,12,0%,57.08
health and life insurance leads,0,12,0%,60.58
qualified mass tort leads,0,12,0%,61.42
crm operational,0,12,0%,66.92
what is a crm lead,0,12,0%,70.42
crm what is a lead,0,12,0%,71.5
crm systems,0,12,0%,77.33
lead management maturity model,0,12,0%,86.08
close,0,11,0%,2.09
how to get home improvement leads plainfield il,0,11,0%,8.18
workers comp case leads,0,11,0%,10.73
cheap fha loan leads,0,11,0%,16.64
"difference between operational analytical and collaborative crm which to 
choose",0,11,0%,18.09
workers compensation attorney leads,0,11,0%,18.36
buy home remodeling leads,0,11,0%,20.45
screened workers comp leads,0,11,0%,20.55
workers compensation insurance leads,0,11,0%,20.91
refinance mortgage leads,0,11,0%,23.45
how to optimize b2c lead funnels for high-value conversions,0,11,0%,23.64
what is the difference between operational and analytical crm,0,11,0%,28.27
b2bcrm,0,11,0%,34.27
high intent life insurance leads,0,11,0%,36
operational crm tools,0,11,0%,48.64
how to get leads for life insurance,0,11,0%,51.45
leads in crm meaning,0,11,0%,54.64
qualified insurance leads,0,11,0%,56.73
mva leads,0,11,0%,58.36
lifecycle stage vs lead status hubspot,0,11,0%,67.91
crm lead management market,0,11,0%,68.36
what does operational crm typically support,0,11,0%,71.18
lead+management+crm,0,11,0%,74.45
define crm system,0,11,0%,75.55
analytical crm systems provide,0,11,0%,78.91
what is crm lead,0,11,0%,78.91
applications of crm in b2c,0,11,0%,95
"how do b2c leads differ from b2b leads in terms of acquisition strategies?. 
my location is united states.",0,10,0%,2.6
b2c sales funnel stages,0,10,0%,5.2
how to get home improvement leads trabuco canyon ca,0,10,0%,7.8
"crm components operational analytical collaborative automates marketing 
sales support",0,10,0%,10.6
non-qm borrower leads,0,10,0%,12.8
mortgage refinance lead scoring,0,10,0%,13
worker comp leads,0,10,0%,15.9
business loan leads with bank statements,0,10,0%,18.8
insurance sms sample,0,10,0%,19.8
how to get home improvement leads phoenix az,0,10,0%,20.3
workers comp lead finder,0,10,0%,21.9
exclusive aged life insurance leads,0,10,0%,24.5
cheap final expense leads,0,10,0%,29.6
how to get home improvement leads bellingham wa,0,10,0%,30.3
b2c buying process,0,10,0%,31.8
leads for ssdi lawyers,0,10,0%,33.6
crm lead management meaning,0,10,0%,45.2
best leads for life insurance,0,10,0%,46.3
what are the components of crm,0,10,0%,47.2
leads for life,0,10,0%,54.1
final expense leads cost,0,10,0%,55
define sales process,0,10,0%,57.3
b2c crm systems,0,10,0%,60.6
internet leads for life insurance,0,10,0%,62.7
buy mva leads,0,10,0%,63.4
both the b2b and b2c buying processes begin with,0,10,0%,64.2
how much do mva leads cost,0,10,0%,64.3
raw leads,0,10,0%,70.2
lead management system in crm,0,10,0%,73.4
long term care insurance leads,0,10,0%,73.7
how to handle leads,0,10,0%,76.6
sales process and methodology,0,10,0%,79.4
is an analytical crm technology,0,10,0%,90.1
hubspot free plan features notifications leads 2026,0,9,0%,1.78
yes,0,9,0%,4.33
"hubspot crm free plan includes smart forms and landing pages for lead 
capture",0,9,0%,6.78
internet lead conversion,0,9,0%,7.78
how to get home improvement leads westlake village ca,0,9,0%,11.33
mortgage conversion strategies,0,9,0%,12
sms templates for insurance,0,9,0%,13.22
ssdi leads,0,9,0%,17.11
how to get home improvement leads bellevue wa,0,9,0%,21.56
i can buy leads,0,9,0%,21.89
lead stage vs lead status,0,9,0%,22.89
aged insurance leads for agents,0,9,0%,25.44
refinance leads,0,9,0%,27.67
what to say when calling leads for mortgage loans,0,9,0%,29.67
how to get home improvement leads gilbert az,0,9,0%,31.78
mortgage scripts,0,9,0%,35
p&c leads,0,9,0%,35.33
how to get mortgage refinance leads,0,9,0%,38.89
senior life insurance leads,0,9,0%,41
sell life insurance leads,0,9,0%,44.44
life insurance leads direct,0,9,0%,52.56
solar leads buyer,0,9,0%,62.67
life insurance lead services,0,9,0%,67.56
hubspot lifecycle stage vs lead status,0,9,0%,68.22
crm elements,0,9,0%,78.78
mass tort leads,0,9,0%,79.56
managing sales leads,0,9,0%,79.78
marketing lead management,0,9,0%,80.78
marketing operational crm technology,0,9,0%,80.89
what is crm tools meaning,0,9,0%,84.44
crm sustem,0,9,0%,85.89
crm syste,0,9,0%,89.89
what is a crm stand for,0,9,0%,94.11
rolodex,0,8,0%,1
how do b2b franchise sales cycles differ from consumer-focused models?,0,8,0%,1.88
pay per sale home improvement leads,0,8,0%,4.75
how much are leads for life insurance,0,8,0%,9.12
under 65 health insurance leads,0,8,0%,12.5
track variation impacts across lifecycle stages,0,8,0%,16.62
difference between collaborative analytical and operational crm,0,8,0%,19.62
p&c insurance leads,0,8,0%,24.12
fraud lead generation,0,8,0%,24.25
cheap health insurance leads,0,8,0%,30.62
affordable health insurance leads,0,8,0%,31.62
social security disability leads,0,8,0%,32
lead management crm definition,0,8,0%,33.12
term life insurance lead,0,8,0%,39.12
loan officer scripts,0,8,0%,43
cost of mva leads,0,8,0%,55.38
operational crm technologies,0,8,0%,65.75
lead stage,0,8,0%,66.12
analytical crm system,0,8,0%,73.62
what are the elements of crm,0,8,0%,78.38
how to get home improvement leads chantilly va,0,8,0%,84.38
b2b and b2c lead generation,0,8,0%,84.75
what does crm mean in text,0,8,0%,85.62
what is lead management system,0,8,0%,85.75
customer relationship management crm system definition,0,8,0%,90
crm meaning in accounting,0,8,0%,94.12
tcpa compliance checklist,0,8,0%,95.62
life insurance text message script,0,7,0%,3.86
buy ild,0,7,0%,4.71
"looking for a lead vendor that supplies aged roofing leads under $10 each; 
how do success rates differ from fresh leads?",0,7,0%,6.29
"how should i structure my crm pipeline stages for residential hvac 
replacement sales vs. repair calls?",0,7,0%,7.29
does hubspot free plan send automatic email notifications for new leads,0,7,0%,8.14
hubspot crm lead management features review,0,7,0%,8.57
best follow up sequence for final expense internet leads gohighlevel,0,7,0%,9.29
hubspot free crm lead capture features,0,7,0%,9.43
lead generation platform that filters prospects by annuity premium range.,0,7,0%,11.14
setting appointments over the phone scripts,0,7,0%,13.57
how to get home improvement leads centennial co,0,7,0%,14.71
sales funnel b2c,0,7,0%,15
social security disability case leads,0,7,0%,15.29
workers' comp leads,0,7,0%,16
crm systems usually contain information from which of the following sources?,0,7,0%,16.14
text message follow up templates for primerica,0,7,0%,17.29
second chance insurance leads,0,7,0%,20.86
i want a premium a-leads option,0,7,0%,22.29
mortgage refi leads,0,7,0%,24
mortgage leads purchase,0,7,0%,30.29
refi leads,0,7,0%,35
aca leads for sale,0,7,0%,36.43
insurance message template,0,7,0%,36.71
stages of a lead,0,7,0%,54.86
sales statuses,0,7,0%,55.43
buy mva leads california,0,7,0%,58.29
buy mva leads arizona,0,7,0%,60.71
leads for health,0,7,0%,64.43
crm for lead conversion and project management,0,7,0%,64.86
high quality insurance leads,0,7,0%,66.43
life insurance sales lead,0,7,0%,67
what are sales processes,0,7,0%,68.86
a sales process,0,7,0%,71.43
buy group health insurance leads,0,7,0%,71.43
crm systen,0,7,0%,72.57
best insurance leads to buy,0,7,0%,73.43
what is a crm database system,0,7,0%,73.71
lead in management,0,7,0%,75.86
live life insurance leads,0,7,0%,77.29
leads in crm,0,7,0%,78.57
sales process methodology,0,7,0%,80.71
best life insurance lead companies,0,7,0%,84.86
lead mgmt,0,7,0%,86.43
lead management best practices,0,7,0%,87
what+does+crm+stand+for,0,7,0%,93.71
what are some crm systems,0,7,0%,98.86
trucker iul leads,0,6,0%,1
is real estate b2b or b2c,0,6,0%,4.17
tracking variation impacts across lifecycle stages,0,6,0%,7.83
heloc leads,0,6,0%,8
people inquiring for bankruptcy leads,0,6,0%,8.67
leads for disability attorneys,0,6,0%,14.5
best crm for call center loan sales predictive dialer scripts dispositions,0,6,0%,15.67
b2c funnel,0,6,0%,17.5
buy qualified insurance leads,0,6,0%,20.5
mortgage lead generation script,0,6,0%,22.67
family lawyer leads,0,6,0%,23.5
how to get health insurance leads,0,6,0%,23.67
aged leads auto insurance,0,6,0%,29.67
rolodex crm,0,6,0%,29.83
sales lead process,0,6,0%,31.67
life insurance lead sales,0,6,0%,32.33
term leads,0,6,0%,33.17
purchase mortgage lead,0,6,0%,35.5
workers comp live leads,0,6,0%,36.83
high-intent aca leads,0,6,0%,39.83
buy fresh life insurance leads with high intent,0,6,0%,43
buying insurance leads,0,6,0%,45.17
mortgage protection leads,0,6,0%,48.67
lead status types,0,6,0%,52.33
how to find life insurance leads,0,6,0%,53.83
buy verified high-quality life insurance leads,0,6,0%,57.17
what is a crm system definition,0,6,0%,58.83
exclusive vs shared mva leads,0,6,0%,59.33
crm module meaning,0,6,0%,63.67
leadstatus,0,6,0%,65.33
crm+lead,0,6,0%,65.5
key elements of a crm system,0,6,0%,74.83
crm analytical,0,6,0%,77
lead-management,0,6,0%,77.33
insurance leads,0,6,0%,80.5
crm ststem,0,6,0%,85.67
how do i get better leads?,0,6,0%,86.17
crm sytem,0,6,0%,88
life insurance webleads,0,6,0%,89
how to manage crm system,0,6,0%,91.5
crm systems definition,0,6,0%,92.83
b2b lead management process,0,6,0%,94.67
prospective buyers meaning,0,5,0%,1
best life insurance sms templates 2025,0,5,0%,4
how to combine phone calls with email outreach in the same campaign?,0,5,0%,5.2
best follow up sequence for fresh final expense internet leads gohighlevel,0,5,0%,6
order exclusive life insurance leads in bulk,0,5,0%,9.6
b2b vs b2c sales cycle length,0,5,0%,10
"___________ is a component of crm that can track sales leads through crm, 
enabling the sales team to input, track and analyse data for leads in one 
place.",0,5,0%,10.6
aged leads life insurance,0,5,0%,10.6
insurance agent voicemail script,0,5,0%,11
hubspot free crm plan limits users contacts emails storage scalability 2026,0,5,0%,11.2
buy fresh mortgage protection leads with high intent,0,5,0%,11.4
"crm components operational analytical collaborative definition marketing 
sales support",0,5,0%,11.4
iul life insurance leads,0,5,0%,11.4
"what should i look for when buying insurance leads so i do not waste money 
on low-intent prospects?",0,5,0%,12
"""appointment to close"" ratio life insurance agent",0,5,0%,13.4
iul lead vendors,0,5,0%,13.4
how to get home improvement leads portland me,0,5,0%,14.2
iul selling system,0,5,0%,15
buy fresh life insurance leads with contact info,0,5,0%,15.2
workers comp lead generation,0,5,0%,15.4
reach high-intent mortgage borrowers,0,5,0%,15.8
afff lawsuit mass tort case leads,0,5,0%,16.2
lawyer workers comp leads,0,5,0%,16.6
aged auto insurance leads,0,5,0%,17
purchase life insurance leads for immediate use,0,5,0%,17.2
"how lenders calculate qualifying income from bank statements self-employed 
borrowers",0,5,0%,18.6
disability lawyer leads,0,5,0%,18.8
difference between sales process and sales methodology,0,5,0%,20
mortgage leads for purchase,0,5,0%,20.8
leads workers compensation,0,5,0%,21.2
whole life leads,0,5,0%,22.2
how to get bankruptcy leads,0,5,0%,22.6
b2c process,0,5,0%,25.8
aged timeshare leads,0,5,0%,28
crm vs simple lead management,0,5,0%,30
guaranteed life insurance leads,0,5,0%,30.2
aged leads final expense,0,5,0%,36
qualified life insurance lead,0,5,0%,37.8
hubspot lead tracking,0,5,0%,39
telemarketing rules by state,0,5,0%,40
how to get leads for health insurance,0,5,0%,41.6
components of a crm system,0,5,0%,42
life insurance sms messages,0,5,0%,42.4
life ins leads,0,5,0%,45.4
old leads,0,5,0%,51.8
lead status definitions,0,5,0%,54
explain a sales process,0,5,0%,54.6
purchase refinance leads,0,5,0%,56.2
mortgage lead conversion rates,0,5,0%,56.6
life insurance leads california,0,5,0%,57.4
crm lead meaning,0,5,0%,61.2
inbound life insurance leads,0,5,0%,64.8
what is the sales process,0,5,0%,65.2
lead process,0,5,0%,72.8
commercial insurance leads for sale,0,5,0%,73.4
lead manage,0,5,0%,75.2
hubspot lead status vs lifecycle stage,0,5,0%,77
home improvement sales leads,0,5,0%,77.4
what+is+a+crm+system,0,5,0%,78.6
lead status examples,0,5,0%,81.4
crm s,0,5,0%,81.6
insuranceleads.com,0,5,0%,85.2
lead response management,0,5,0%,85.6
how to get a crm,0,5,0%,89.4
how to generate home improvement leads,0,5,0%,90.6
b2c crm strategy,0,5,0%,92.6
what does crm mean in accounting,0,5,0%,92.8
crm entry meaning,0,4,0%,1
rolodex meaning,0,4,0%,1
sale process meaning,0,4,0%,1
lead-to-account crm territory management comparison,0,4,0%,4.5
life insurance leads cost per lead 2026,0,4,0%,7.5
hubspot leads vs contacts 2026,0,4,0%,8.5
home improvement lead conversion,0,4,0%,9
lead management vs crm explained,0,4,0%,9.5
crm components operational analytical collaborative definition official,0,4,0%,10.5
telemarketing hours by state,0,4,0%,10.75
how to get home improvement leads santa cruz ca,0,4,0%,11
refinance mortgage leads vs. purchase mortgage leads,0,4,0%,11
types of crm operational analytical collaborative definition,0,4,0%,11.25
best way to get bankruptcy leads,0,4,0%,12.5
workerscomp leads,0,4,0%,13
cost of mortgage refinance leads,0,4,0%,14.5
fresh survey leads,0,4,0%,14.75
home improvement lead roi,0,4,0%,16
aged mortgage protection leads,0,4,0%,16.25
mva case leads,0,4,0%,16.5
afff mass tort case leads,0,4,0%,16.75
business bankruptcy leads,0,4,0%,16.75
hubspot free crm contact management features 2026,0,4,0%,16.75
what is a mortgage refinance lead?,0,4,0%,16.75
telemarketing laws by state,0,4,0%,17.25
crm operational analytical collaborative,0,4,0%,17.5
lead status meaning,0,4,0%,17.5
firefighter foam mass tort case leads,0,4,0%,18.25
workers compensation legal leads,0,4,0%,18.25
difference between operational analytical and collaborative crm,0,4,0%,19.25
define lead generation fraud,0,4,0%,19.75
sales process vs methodology,0,4,0%,20.25
mortgage refinance scripts,0,4,0%,20.5
telemarketing sales rule compliance guide,0,4,0%,22.75
buy top-quality life insurance leads instantly,0,4,0%,24.25
workers comp attorney leads,0,4,0%,24.25
health insurance lead life,0,4,0%,25
aged medical insurance leads provider,0,4,0%,25.5
best fresh lead life insurance,0,4,0%,25.75
get affordable life insurance leads with high response rates,0,4,0%,26.75
should i buy insurance leads,0,4,0%,28.5
order premium life insurance leads for sale,0,4,0%,29.5
buy real time solar leads,0,4,0%,30
lead lifecycle platform,0,4,0%,31.5
mortgage lead purchase,0,4,0%,31.5
get exclusive life insurance leads with real-time updates,0,4,0%,32
b2c lead generation funnel optimization,0,4,0%,33
life insurance lead lists,0,4,0%,33.25
crm technology components,0,4,0%,34.5
get exclusive life insurance leads instantly,0,4,0%,34.5
health insurance lead sales,0,4,0%,37
prequalified life insurance lead,0,4,0%,38.75
painting leads,0,4,0%,39.25
debt consolidation lead generation,0,4,0%,40
definition of sales process,0,4,0%,40.5
best aca leads,0,4,0%,41.5
exclusive life insurance lead,0,4,0%,42.25
sales process description,0,4,0%,42.5
what are the main components of a crm system,0,4,0%,43.5
b2b lead lifecycle,0,4,0%,44.75
get fresh and high-converting life insurance leads,0,4,0%,45.75
chapter 13 bankruptcy leads,0,4,0%,46.5
get me life ins leads,0,4,0%,48.25
mortgage autodialer,0,4,0%,48.5
how to find leads for life insurance,0,4,0%,51.25
crm lead status values,0,4,0%,51.5
life leads direct,0,4,0%,52.75
high intent insurance leads,0,4,0%,53
purchase mortgage leads,0,4,0%,54.25
what is crms number,0,4,0%,55.75
texting for insurance agents,0,4,0%,58
what is b2b and b2c sales,0,4,0%,58.25
define the sales process,0,4,0%,59
what are crm system,0,4,0%,60
direct legal leads,0,4,0%,61.5
cost per lead vs cost per acquisition,0,4,0%,62.5
business leads for seniors,0,4,0%,64.25
explain sales process,0,4,0%,65
buying solar leads,0,4,0%,70.25
what is analytical crm,0,4,0%,71
b2c crm for small business,0,4,0%,72.75
crm portfolio,0,4,0%,73
lead status vs lifecycle stage hubspot,0,4,0%,73.75
operational crm systems support,0,4,0%,74
what is b2c sales experience,0,4,0%,74
crmsystems,0,4,0%,74.5
b to c crm,0,4,0%,74.75
crm b to c,0,4,0%,80
online life insurance leads,0,4,0%,81
life insurance lead providers,0,4,0%,83
analytical crm meaning,0,4,0%,83.75
requirements of a crm system,0,4,0%,83.75
what is at crm,0,4,0%,84
lead status values,0,4,0%,86
explain lead management in crm,0,4,0%,86.75
what+is+crm+stand+for,0,4,0%,88.5
how to use a crm system,0,4,0%,88.75
what is the meaning of crm system,0,4,0%,89.75
how to use a crm,0,4,0%,90.75
what does the term crm stand for,0,4,0%,92
lead management process flow,0,4,0%,92.5
b2b sales,0,3,0%,1
crm pune,0,3,0%,1
how many components of crm are there,0,3,0%,1
rolodex meaning in business,0,3,0%,1
what are aged leads,0,3,0%,1.33
give me an honest review about close for crm software in a few paragraphs.,0,3,0%,2
iul.org leads reviews,0,3,0%,3.67
"how do i calculate lead conversion rates based on lead cost to find the 
optimal cost per acquisition?",0,3,0%,5.33
family law divorce leads,0,3,0%,5.67
aged leads for life insurance,0,3,0%,7.33
is insurance b2b or b2c,0,3,0%,7.33
how do debt consolidation companies pull credit to qualify leads?,0,3,0%,7.67
debt negotiation lead,0,3,0%,8
fresh leads meaning,0,3,0%,8.67
hubspot free vs paid notifications leads 2026,0,3,0%,8.67
crm components operational analytical collaborative definition authoritative,0,3,0%,9.33
divorce and child custody leads for attorneys,0,3,0%,10
crm speed to lead conversion comparison,0,3,0%,12.67
high-conversion debt settlement leads,0,3,0%,13
how to generate bankruptcy leads,0,3,0%,13.33
"hubspot free crm plan limits 2026 users contacts storage features 
scalability",0,3,0%,13.67
telemarketing calling hours by state,0,3,0%,14
leads workers compenstion,0,3,0%,16.67
real time health insurance leads,0,3,0%,16.67
family law phone leads,0,3,0%,17.67
purchase life insurance leads with verified phone numbers,0,3,0%,18.67
purchase ready-to-use life insurance leads,0,3,0%,19.33
conversion heloc,0,3,0%,19.67
how to generate bankruptcy leads leads,0,3,0%,20
free mortgage refinance scripts,0,3,0%,20.33
life insurance text message template,0,3,0%,21
mortgage broker voicemail,0,3,0%,21.33
texting for mortgage lenders,0,3,0%,21.33
buy leads for bankruptcy,0,3,0%,21.67
cost of insurance leads,0,3,0%,21.67
outreach multi-line dialer,0,3,0%,22
mortgage call center script,0,3,0%,28
order exclusive life insurance leads for immediate use,0,3,0%,28.33
social insurance leads,0,3,0%,28.33
garage door leads,0,3,0%,30.33
lead lifecycle architecture,0,3,0%,30.67
garage door repair leads,0,3,0%,31
buying leads online,0,3,0%,31.33
call centers providing aged life insurance leads with tcpa compliance.,0,3,0%,31.67
tcpa compliance checklist 2026,0,3,0%,35.67
lead management system,0,3,0%,38.67
lead life insurance,0,3,0%,41.33
lifecycle of lead,0,3,0%,42
crm lead management framework,0,3,0%,43.67
life insurance lead for,0,3,0%,43.67
painter leads,0,3,0%,44.33
how 4 l eagl leads wrok,0,3,0%,45.67
how does a crm work,0,3,0%,45.67
tcpa compliance steps,0,3,0%,46
mortgage telemarketing scripts,0,3,0%,47.67
senior insurance leads,0,3,0%,48.67
renters insurance leads,0,3,0%,49
components of crm,0,3,0%,49.67
how to get painting leads,0,3,0%,51
crn systems,0,3,0%,55.33
buy fresh life insurance inbound calls with high intent,0,3,0%,55.67
b2c vs b2b customer lifecycle,0,3,0%,56.67
electrical work leads,0,3,0%,57.33
purchase ready-to-use life insurance inbound calls,0,3,0%,57.67
components of the crm process,0,3,0%,58
order exclusive life insurance inbound calls in bulk,0,3,0%,58.67
best place to buy insurance leads,0,3,0%,59.67
where to buy legal leads,0,3,0%,62.67
what is sale process,0,3,0%,65
what is crm system meaning,0,3,0%,65.67
business to consumer crm,0,3,0%,68.33
operational customer relationship management,0,3,0%,68.67
crmsystem,0,3,0%,70
lead generation for family law,0,3,0%,70
lead acquisition cost,0,3,0%,70.33
lead management meaning,0,3,0%,71
lead management crm 2015,0,3,0%,71.33
crm+leads,0,3,0%,72
buy fresh medicare insurance leads with high intent,0,3,0%,72.33
b2c crm tools,0,3,0%,72.67
aca insurance leads,0,3,0%,73.33
agency sales process,0,3,0%,73.67
crm+system+meaning,0,3,0%,73.67
crm system what does it mean,0,3,0%,75
how does a crm system work,0,3,0%,75.33
status lead,0,3,0%,75.67
crm stands for in computer,0,3,0%,79.33
what are crm products,0,3,0%,80
system crm,0,3,0%,80.33
leads for home improvement,0,3,0%,80.67
process leads,0,3,0%,80.67
what+is+crm+system,0,3,0%,82.67
"""lead management",0,3,0%,83.33
leads management process,0,3,0%,84.67
how to track leads,0,3,0%,85
manage lead,0,3,0%,85
b2b und b2c leads durch lead management,0,3,0%,85.33
mass tort legal leads thelegalleads.com,0,3,0%,86
relational/collaborative crm,0,3,0%,86.67
sales status categories,0,3,0%,86.67
get more home service leads,0,3,0%,89.33
what is meaning of crm,0,3,0%,89.33
crm system meaning in business,0,3,0%,89.67
crm for lead and transaction management,0,3,0%,91
life insurance hotkey leads,0,3,0%,92.33
what is the difference between b2b and b2c lead generation,0,3,0%,92.67
what does crm stands for,0,3,0%,93.67
b2b buyers expect b2c experience,0,3,0%,94
how to sell leads to lawyers,0,3,0%,94.67
automate the entire lead lifecycle,0,3,0%,95.67
what does the crm stand for,0,3,0%,96
examples of analytical crm,0,3,0%,96.33
what is a crm plan,0,3,0%,97
what does crm stand for in it,0,3,0%,98.67
what is crm used for,0,3,0%,99
b2c insurance,0,2,0%,1
b2c vs b2b,0,2,0%,1
crm entries meaning,0,2,0%,1
crm pipeline meaning,0,2,0%,1
lead buyers,0,2,0%,1
"learn how to convert interested people into paid customers check who 
replied or messaged you about the offer: 1. talk to them personally and 
convert them into customers. 2. write if you generated any sales.",0,2,0%,1
leads for mortgage brokers,0,2,0%,1.5
aged medicare leads,0,2,0%,2
crm origin,0,2,0%,2
what is crm entry,0,2,0%,2
agedleadstore.com,0,2,0%,3.5
bankruptcy prevention leads,0,2,0%,4
cheap iul leads,0,2,0%,4
"how to combine email, call, and social outreach into one workflow?",0,2,0%,4
hubspot free crm features lead tracking 2026,0,2,0%,4
insurance,0,2,0%,4
non qm mortgage leads,0,2,0%,4
yes please,0,2,0%,4
in real estate,0,2,0%,4.5
regulatory guidelines buying guide 2026,0,2,0%,5.5
dscr loan leads,0,2,0%,6.5
what platforms support multi-line policy bundling and renewals,0,2,0%,7
operational analytical collaborative crm definitions,0,2,0%,7.5
aged roofing leads,0,2,0%,8
pre-qualified insurance leads,0,2,0%,8